# Investable universe: S&P 500 + Nasdaq-100, CURRENT membership.
# NOT a historical constituent file -- it has no add/drop dates,
# so applying it to a past date reintroduces survivorship bias.
ticker,name,sector,indices,cik
A,Agilent Technologies,Health Care,S&P 500,1090872
AAPL,Apple Inc.,Information Technology,S&P 500,320193
ABBV,AbbVie,Health Care,S&P 500,1551152
ABNB,Airbnb,Consumer Discretionary,S&P 500,1559720
ABT,Abbott Laboratories,Health Care,S&P 500,1800
ACGL,Arch Capital Group,Financials,S&P 500,947484
ACN,Accenture,Information Technology,S&P 500,1467373
ADBE,Adobe Inc.,Information Technology,S&P 500,796343
ADI,Analog Devices,Information Technology,S&P 500,6281
ADM,Archer Daniels Midland,Consumer Staples,S&P 500,7084
ADP,Automatic Data Processing,Industrials,S&P 500,8670
ADSK,Autodesk,Information Technology,S&P 500,769397
AEE,Ameren,Utilities,S&P 500,1002910
AEP,American Electric Power,Utilities,S&P 500,4904
AES,AES Corporation,Utilities,S&P 500,874761
AFL,Aflac,Financials,S&P 500,4977
AIG,American International Group,Financials,S&P 500,5272
AIZ,Assurant,Financials,S&P 500,1267238
AJG,Arthur J. Gallagher & Co.,Financials,S&P 500,354190
AKAM,Akamai Technologies,Information Technology,S&P 500,1086222
ALB,Albemarle Corporation,Materials,S&P 500,915913
ALGN,Align Technology,Health Care,S&P 500,1097149
ALL,Allstate,Financials,S&P 500,899051
ALLE,Allegion,Industrials,S&P 500,1579241
AMAT,Applied Materials,Information Technology,S&P 500,6951
AMCR,Amcor,Materials,S&P 500,1748790
AMD,Advanced Micro Devices,Information Technology,S&P 500,2488
AME,Ametek,Industrials,S&P 500,1037868
AMGN,Amgen,Health Care,S&P 500,318154
AMP,Ameriprise Financial,Financials,S&P 500,820027
AMT,American Tower,Real Estate,S&P 500,1053507
AMZN,Amazon,Consumer Discretionary,S&P 500,1018724
ANET,Arista Networks,Information Technology,S&P 500,1596532
AON,Aon plc,Financials,S&P 500,315293
AOS,A. O. Smith,Industrials,S&P 500,91142
APA,APA Corporation,Energy,S&P 500,1841666
APD,Air Products,Materials,S&P 500,2969
APH,Amphenol,Information Technology,S&P 500,820313
APO,Apollo Global Management,Financials,S&P 500,1858681
APP,AppLovin,Communication Services,S&P 500,1751008
APTV,Aptiv,Consumer Discretionary,S&P 500,1521332
ARE,Alexandria Real Estate Equities,Real Estate,S&P 500,1035443
ARES,Ares Management,Financials,S&P 500,1176948
ATO,Atmos Energy,Utilities,S&P 500,731802
AVB,AvalonBay Communities,Real Estate,S&P 500,915912
AVGO,Broadcom,Information Technology,S&P 500,1730168
AVY,Avery Dennison,Materials,S&P 500,8818
AWK,American Water Works,Utilities,S&P 500,1410636
AXON,Axon Enterprise,Industrials,S&P 500,1069183
AXP,American Express,Financials,S&P 500,4962
AZO,AutoZone,Consumer Discretionary,S&P 500,866787
BA,Boeing,Industrials,S&P 500,12927
BAC,Bank of America,Financials,S&P 500,70858
BALL,Ball Corporation,Materials,S&P 500,9389
BAX,Baxter International,Health Care,S&P 500,10456
BBY,Best Buy,Consumer Discretionary,S&P 500,764478
BDX,Becton Dickinson,Health Care,S&P 500,10795
BEN,Franklin Resources,Financials,S&P 500,38777
BF-B,Brown–Forman,Consumer Staples,S&P 500,14693
BG,Bunge Global,Consumer Staples,S&P 500,1996862
BIIB,Biogen,Health Care,S&P 500,875045
BKNG,Booking Holdings,Consumer Discretionary,S&P 500,1075531
BKR,Baker Hughes,Energy,S&P 500,1701605
BLDR,Builders FirstSource,Industrials,S&P 500,1316835
BLK,BlackRock,Financials,S&P 500,2012383
BMY,Bristol Myers Squibb,Health Care,S&P 500,14272
BNY,BNY Mellon,Financials,S&P 500,1390777
BR,Broadridge Financial Solutions,Industrials,S&P 500,1383312
BRK-B,Berkshire Hathaway,Financials,S&P 500,1067983
BRO,Brown & Brown,Financials,S&P 500,79282
BSX,Boston Scientific,Health Care,S&P 500,885725
BX,Blackstone Inc.,Financials,S&P 500,1393818
BXP,"BXP, Inc.",Real Estate,S&P 500,1037540
C,Citigroup,Financials,S&P 500,831001
CAH,Cardinal Health,Health Care,S&P 500,721371
CARR,Carrier Global,Industrials,S&P 500,1783180
CASY,Casey's,Consumer Staples,S&P 500,726958
CAT,Caterpillar Inc.,Industrials,S&P 500,18230
CB,Chubb Limited,Financials,S&P 500,896159
CBOE,Cboe Global Markets,Financials,S&P 500,1374310
CBRE,CBRE Group,Real Estate,S&P 500,1138118
CCI,Crown Castle,Real Estate,S&P 500,1051470
CCL,Carnival Corporation,Consumer Discretionary,S&P 500,815097
CDNS,Cadence Design Systems,Information Technology,S&P 500,813672
CDW,CDW Corporation,Information Technology,S&P 500,1402057
CEG,Constellation Energy,Utilities,S&P 500,1868275
CF,CF Industries,Materials,S&P 500,1324404
CFG,Citizens Financial Group,Financials,S&P 500,759944
CHD,Church & Dwight,Consumer Staples,S&P 500,313927
CHRW,C.H. Robinson,Industrials,S&P 500,1043277
CHTR,Charter Communications,Communication Services,S&P 500,1091667
CI,Cigna,Health Care,S&P 500,1739940
CIEN,Ciena,Information Technology,S&P 500,936395
CINF,Cincinnati Financial,Financials,S&P 500,20286
CL,Colgate-Palmolive,Consumer Staples,S&P 500,21665
CLX,Clorox,Consumer Staples,S&P 500,21076
CMCSA,Comcast,Communication Services,S&P 500,1166691
CME,CME Group,Financials,S&P 500,1156375
CMG,Chipotle Mexican Grill,Consumer Discretionary,S&P 500,1058090
CMI,Cummins,Industrials,S&P 500,26172
CMS,CMS Energy,Utilities,S&P 500,811156
CNC,Centene Corporation,Health Care,S&P 500,1071739
CNP,CenterPoint Energy,Utilities,S&P 500,1130310
COF,Capital One,Financials,S&P 500,927628
COHR,Coherent Corp.,Information Technology,S&P 500,820318
COIN,Coinbase,Financials,S&P 500,1679788
COO,Cooper Companies (The),Health Care,S&P 500,711404
COP,ConocoPhillips,Energy,S&P 500,1163165
COR,Cencora,Health Care,S&P 500,1140859
COST,Costco,Consumer Staples,S&P 500,909832
CPAY,Corpay,Financials,S&P 500,1175454
CPRT,Copart,Industrials,S&P 500,900075
CPT,Camden Property Trust,Real Estate,S&P 500,906345
CRH,CRH plc,Materials,S&P 500,849395
CRL,Charles River Laboratories,Health Care,S&P 500,1100682
CRM,Salesforce,Information Technology,S&P 500,1108524
CRWD,CrowdStrike,Information Technology,S&P 500,1535527
CSCO,Cisco,Information Technology,S&P 500,858877
CSGP,CoStar Group,Real Estate,S&P 500,1057352
CSX,CSX Corporation,Industrials,S&P 500,277948
CTAS,Cintas,Industrials,S&P 500,723254
CTSH,Cognizant,Information Technology,S&P 500,1058290
CTVA,Corteva,Materials,S&P 500,1755672
CVNA,Carvana,Consumer Discretionary,S&P 500,1690820
CVS,CVS Health,Health Care,S&P 500,64803
CVX,Chevron Corporation,Energy,S&P 500,93410
D,Dominion Energy,Utilities,S&P 500,715957
DAL,Delta Air Lines,Industrials,S&P 500,27904
DASH,DoorDash,Consumer Discretionary,S&P 500,1792789
DD,DuPont,Industrials,S&P 500,1666700
DDOG,Datadog,Information Technology,S&P 500,1561550
DE,Deere & Company,Industrials,S&P 500,315189
DECK,Deckers Brands,Consumer Discretionary,S&P 500,910521
DELL,Dell Technologies,Information Technology,S&P 500,1571996
DG,Dollar General,Consumer Staples,S&P 500,29534
DGX,Quest Diagnostics,Health Care,S&P 500,1022079
DHI,D. R. Horton,Consumer Discretionary,S&P 500,882184
DHR,Danaher Corporation,Health Care,S&P 500,313616
DIS,Walt Disney Company (The),Communication Services,S&P 500,1744489
DLR,Digital Realty,Real Estate,S&P 500,1297996
DLTR,Dollar Tree,Consumer Staples,S&P 500,935703
DOC,Healthpeak Properties,Real Estate,S&P 500,765880
DOV,Dover Corporation,Industrials,S&P 500,29905
DOW,Dow Inc.,Materials,S&P 500,1751788
DPZ,Domino's,Consumer Discretionary,S&P 500,1286681
DRI,Darden Restaurants,Consumer Discretionary,S&P 500,940944
DTE,DTE Energy,Utilities,S&P 500,936340
DUK,Duke Energy,Utilities,S&P 500,1326160
DVA,DaVita,Health Care,S&P 500,927066
DVN,Devon Energy,Energy,S&P 500,1090012
DXCM,Dexcom,Health Care,S&P 500,1093557
EBAY,eBay Inc.,Consumer Discretionary,S&P 500,1065088
ECHO,EchoStar,Communication Services,S&P 500,1415404
ECL,Ecolab,Materials,S&P 500,31462
ED,Consolidated Edison,Utilities,S&P 500,1047862
EFX,Equifax,Industrials,S&P 500,33185
EG,Everest Group,Financials,S&P 500,1095073
EIX,Edison International,Utilities,S&P 500,827052
EL,Estée Lauder Companies (The),Consumer Staples,S&P 500,1001250
ELV,Elevance Health,Health Care,S&P 500,1156039
EME,Emcor,Industrials,S&P 500,105634
EMR,Emerson Electric,Industrials,S&P 500,32604
EOG,EOG Resources,Energy,S&P 500,821189
EQIX,Equinix,Real Estate,S&P 500,1101239
EQR,Equity Residential,Real Estate,S&P 500,906107
EQT,EQT Corporation,Energy,S&P 500,33213
ERIE,Erie Indemnity,Financials,S&P 500,922621
ES,Eversource Energy,Utilities,S&P 500,72741
ESS,Essex Property Trust,Real Estate,S&P 500,920522
ETN,Eaton Corporation,Industrials,S&P 500,1551182
ETR,Entergy,Utilities,S&P 500,65984
EVRG,Evergy,Utilities,S&P 500,1711269
EW,Edwards Lifesciences,Health Care,S&P 500,1099800
EXC,Exelon,Utilities,S&P 500,1109357
EXE,Expand Energy,Energy,S&P 500,895126
EXPD,Expeditors International,Industrials,S&P 500,746515
EXPE,Expedia Group,Consumer Discretionary,S&P 500,1324424
EXR,Extra Space Storage,Real Estate,S&P 500,1289490
F,Ford Motor Company,Consumer Discretionary,S&P 500,37996
FANG,Diamondback Energy,Energy,S&P 500,1539838
FAST,Fastenal,Industrials,S&P 500,815556
FCX,Freeport-McMoRan,Materials,S&P 500,831259
FDS,FactSet,Financials,S&P 500,1013237
FDX,FedEx,Industrials,S&P 500,1048911
FDXF,FedEx Freight,Industrials,S&P 500,2082247
FE,FirstEnergy,Utilities,S&P 500,1031296
FERG,Ferguson Enterprises,Industrials,S&P 500,2011641
FFIV,"F5, Inc.",Information Technology,S&P 500,1048695
FICO,Fair Isaac,Information Technology,S&P 500,814547
FIS,Fidelity National Information Services,Financials,S&P 500,1136893
FISV,Fiserv,Financials,S&P 500,798354
FITB,Fifth Third Bancorp,Financials,S&P 500,35527
FIX,Comfort Systems USA,Industrials,S&P 500,1035983
FLEX,Flex Ltd.,Information Technology,S&P 500,866374
FOX,Fox Corporation (Class B),Communication Services,S&P 500,1754301
FOXA,Fox Corporation (Class A),Communication Services,S&P 500,1754301
FRT,Federal Realty Investment Trust,Real Estate,S&P 500,34903
FSLR,First Solar,Information Technology,S&P 500,1274494
FTNT,Fortinet,Information Technology,S&P 500,1262039
FTV,Fortive,Industrials,S&P 500,1659166
GD,General Dynamics,Industrials,S&P 500,40533
GDDY,GoDaddy,Information Technology,S&P 500,1609711
GE,GE Aerospace,Industrials,S&P 500,40545
GEHC,GE HealthCare,Health Care,S&P 500,1932393
GEN,Gen Digital,Information Technology,S&P 500,849399
GEV,GE Vernova,Industrials,S&P 500,1996810
GILD,Gilead Sciences,Health Care,S&P 500,882095
GIS,General Mills,Consumer Staples,S&P 500,40704
GL,Globe Life,Financials,S&P 500,320335
GLW,Corning Inc.,Information Technology,S&P 500,24741
GM,General Motors,Consumer Discretionary,S&P 500,1467858
GNRC,Generac,Industrials,S&P 500,1474735
GOOG,Alphabet Inc. (Class C),Communication Services,S&P 500,1652044
GOOGL,Alphabet Inc. (Class A),Communication Services,S&P 500,1652044
GPC,Genuine Parts Company,Consumer Discretionary,S&P 500,40987
GPN,Global Payments,Financials,S&P 500,1123360
GRMN,Garmin,Consumer Discretionary,S&P 500,1121788
GS,Goldman Sachs,Financials,S&P 500,886982
GWW,W. W. Grainger,Industrials,S&P 500,277135
HAL,Halliburton,Energy,S&P 500,45012
HAS,Hasbro,Consumer Discretionary,S&P 500,46080
HBAN,Huntington Bancshares,Financials,S&P 500,49196
HCA,HCA Healthcare,Health Care,S&P 500,860730
HD,Home Depot (The),Consumer Discretionary,S&P 500,354950
HIG,Hartford (The),Financials,S&P 500,874766
HII,Huntington Ingalls Industries,Industrials,S&P 500,1501585
HLT,Hilton Worldwide,Consumer Discretionary,S&P 500,1585689
HON,Honeywell Technologies,Industrials,S&P 500,773840
HONA,Honeywell Aerospace,Industrials,S&P 500,2089271
HOOD,Robinhood Markets,Financials,S&P 500,1783879
HPE,Hewlett Packard Enterprise,Information Technology,S&P 500,1645590
HPQ,HP Inc.,Information Technology,S&P 500,47217
HRL,Hormel Foods,Consumer Staples,S&P 500,48465
HSIC,Henry Schein,Health Care,S&P 500,1000228
HST,Host Hotels & Resorts,Real Estate,S&P 500,1070750
HSY,Hershey Company (The),Consumer Staples,S&P 500,47111
HUBB,Hubbell Incorporated,Industrials,S&P 500,48898
HUM,Humana,Health Care,S&P 500,49071
HWM,Howmet Aerospace,Industrials,S&P 500,4281
IBKR,Interactive Brokers,Financials,S&P 500,1381197
IBM,IBM,Information Technology,S&P 500,51143
ICE,Intercontinental Exchange,Financials,S&P 500,1571949
IDXX,Idexx Laboratories,Health Care,S&P 500,874716
IEX,IDEX Corporation,Industrials,S&P 500,832101
IFF,International Flavors & Fragrances,Materials,S&P 500,51253
INCY,Incyte,Health Care,S&P 500,879169
INTC,Intel,Information Technology,S&P 500,50863
INTU,Intuit,Information Technology,S&P 500,896878
INVH,Invitation Homes,Real Estate,S&P 500,1687229
IP,International Paper,Materials,S&P 500,51434
IQV,IQVIA,Health Care,S&P 500,1478242
IR,Ingersoll Rand,Industrials,S&P 500,1699150
IRM,Iron Mountain,Real Estate,S&P 500,1020569
ISRG,Intuitive Surgical,Health Care,S&P 500,1035267
IT,Gartner,Information Technology,S&P 500,749251
ITW,Illinois Tool Works,Industrials,S&P 500,49826
IVZ,Invesco,Financials,S&P 500,914208
J,Jacobs Solutions,Industrials,S&P 500,52988
JBHT,J.B. Hunt,Industrials,S&P 500,728535
JBL,Jabil,Information Technology,S&P 500,898293
JCI,Johnson Controls,Industrials,S&P 500,833444
JKHY,Jack Henry & Associates,Financials,S&P 500,779152
JNJ,Johnson & Johnson,Health Care,S&P 500,200406
JPM,JPMorgan Chase,Financials,S&P 500,19617
KDP,Keurig Dr Pepper,Consumer Staples,S&P 500,1418135
KEY,KeyCorp,Financials,S&P 500,91576
KEYS,Keysight Technologies,Information Technology,S&P 500,1601046
KHC,Kraft Heinz,Consumer Staples,S&P 500,1637459
KIM,Kimco Realty,Real Estate,S&P 500,879101
KKR,KKR & Co.,Financials,S&P 500,1404912
KLAC,KLA Corporation,Information Technology,S&P 500,319201
KMB,Kimberly-Clark,Consumer Staples,S&P 500,55785
KMI,Kinder Morgan,Energy,S&P 500,1506307
KO,Coca-Cola Company (The),Consumer Staples,S&P 500,21344
KR,Kroger,Consumer Staples,S&P 500,56873
KVUE,Kenvue,Consumer Staples,S&P 500,1944048
L,Loews Corporation,Financials,S&P 500,60086
LDOS,Leidos,Industrials,S&P 500,1336920
LEN,Lennar,Consumer Discretionary,S&P 500,920760
LH,Labcorp,Health Care,S&P 500,920148
LHX,L3Harris,Industrials,S&P 500,202058
LII,Lennox International,Industrials,S&P 500,1069202
LIN,Linde plc,Materials,S&P 500,1707925
LITE,Lumentum,Information Technology,S&P 500,1633978
LLY,Lilly (Eli),Health Care,S&P 500,59478
LMT,Lockheed Martin,Industrials,S&P 500,936468
LNT,Alliant Energy,Utilities,S&P 500,352541
LOW,Lowe's,Consumer Discretionary,S&P 500,60667
LRCX,Lam Research,Information Technology,S&P 500,707549
LULU,Lululemon Athletica,Consumer Discretionary,S&P 500,1397187
LUV,Southwest Airlines,Industrials,S&P 500,92380
LVS,Las Vegas Sands,Consumer Discretionary,S&P 500,1300514
LYB,LyondellBasell,Materials,S&P 500,1489393
LYV,Live Nation Entertainment,Communication Services,S&P 500,1335258
MA,Mastercard,Financials,S&P 500,1141391
MAA,Mid-America Apartment Communities,Real Estate,S&P 500,912595
MAR,Marriott International,Consumer Discretionary,S&P 500,1048286
MAS,Masco,Industrials,S&P 500,62996
MCD,McDonald's,Consumer Discretionary,S&P 500,63908
MCHP,Microchip Technology,Information Technology,S&P 500,827054
MCK,McKesson Corporation,Health Care,S&P 500,927653
MCO,Moody's Corporation,Financials,S&P 500,1059556
MDLZ,Mondelez International,Consumer Staples,S&P 500,1103982
MDT,Medtronic,Health Care,S&P 500,1613103
MET,MetLife,Financials,S&P 500,1099219
META,Meta Platforms,Communication Services,S&P 500,1326801
MGM,MGM Resorts,Consumer Discretionary,S&P 500,789570
MKC,McCormick & Company,Consumer Staples,S&P 500,63754
MLM,Martin Marietta Materials,Materials,S&P 500,916076
MMM,3M,Industrials,S&P 500,66740
MNST,Monster Beverage,Consumer Staples,S&P 500,865752
MO,Altria,Consumer Staples,S&P 500,764180
MOS,Mosaic Company (The),Materials,S&P 500,1285785
MPC,Marathon Petroleum,Energy,S&P 500,1510295
MPWR,Monolithic Power Systems,Information Technology,S&P 500,1280452
MRK,Merck & Co.,Health Care,S&P 500,310158
MRNA,Moderna,Health Care,S&P 500,1682852
MRSH,Marsh McLennan,Financials,S&P 500,62709
MRVL,Marvell Technology,Information Technology,S&P 500,1835632
MS,Morgan Stanley,Financials,S&P 500,895421
MSCI,MSCI Inc.,Financials,S&P 500,1408198
MSFT,Microsoft,Information Technology,S&P 500,789019
MSI,Motorola Solutions,Information Technology,S&P 500,68505
MTB,M&T Bank,Financials,S&P 500,36270
MTD,Mettler Toledo,Health Care,S&P 500,1037646
MU,Micron Technology,Information Technology,S&P 500,723125
NCLH,Norwegian Cruise Line Holdings,Consumer Discretionary,S&P 500,1513761
NDAQ,"Nasdaq, Inc.",Financials,S&P 500,1120193
NDSN,Nordson Corporation,Industrials,S&P 500,72331
NEE,NextEra Energy,Utilities,S&P 500,753308
NEM,Newmont,Materials,S&P 500,1164727
NFLX,Netflix,Communication Services,S&P 500,1065280
NI,NiSource,Utilities,S&P 500,1111711
NKE,"Nike, Inc.",Consumer Discretionary,S&P 500,320187
NOC,Northrop Grumman,Industrials,S&P 500,1133421
NOW,ServiceNow,Information Technology,S&P 500,1373715
NRG,NRG Energy,Utilities,S&P 500,1013871
NSC,Norfolk Southern,Industrials,S&P 500,702165
NTAP,NetApp,Information Technology,S&P 500,1002047
NTRS,Northern Trust,Financials,S&P 500,73124
NUE,Nucor,Materials,S&P 500,73309
NVDA,Nvidia,Information Technology,S&P 500,1045810
NVR,"NVR, Inc.",Consumer Discretionary,S&P 500,906163
NWS,News Corp (Class B),Communication Services,S&P 500,1564708
NWSA,News Corp (Class A),Communication Services,S&P 500,1564708
NXPI,NXP Semiconductors,Information Technology,S&P 500,1413447
O,Realty Income,Real Estate,S&P 500,726728
ODFL,Old Dominion,Industrials,S&P 500,878927
OKE,Oneok,Energy,S&P 500,1039684
OMC,Omnicom Group,Communication Services,S&P 500,29989
ON,ON Semiconductor,Information Technology,S&P 500,1097864
ORCL,Oracle Corporation,Information Technology,S&P 500,1341439
ORLY,O’Reilly Automotive,Consumer Discretionary,S&P 500,898173
OTIS,Otis Worldwide,Industrials,S&P 500,1781335
OXY,Occidental Petroleum,Energy,S&P 500,797468
PANW,Palo Alto Networks,Information Technology,S&P 500,1327567
PAYX,Paychex,Industrials,S&P 500,723531
PCAR,Paccar,Industrials,S&P 500,75362
PCG,PG&E Corporation,Utilities,S&P 500,1004980
PEG,Public Service Enterprise Group,Utilities,S&P 500,788784
PEP,PepsiCo,Consumer Staples,S&P 500,77476
PFE,Pfizer,Health Care,S&P 500,78003
PFG,Principal Financial Group,Financials,S&P 500,1126328
PG,Procter & Gamble,Consumer Staples,S&P 500,80424
PGR,Progressive Corporation,Financials,S&P 500,80661
PH,Parker Hannifin,Industrials,S&P 500,76334
PHM,PulteGroup,Consumer Discretionary,S&P 500,822416
PKG,Packaging Corporation of America,Materials,S&P 500,75677
PLD,Prologis,Real Estate,S&P 500,1045609
PLTR,Palantir Technologies,Information Technology,S&P 500,1321655
PM,Philip Morris International,Consumer Staples,S&P 500,1413329
PNC,PNC Financial Services,Financials,S&P 500,713676
PNR,Pentair,Industrials,S&P 500,77360
PNW,Pinnacle West Capital,Utilities,S&P 500,764622
PODD,Insulet Corporation,Health Care,S&P 500,1145197
PPG,PPG Industries,Materials,S&P 500,79879
PPL,PPL Corporation,Utilities,S&P 500,922224
PRU,Prudential Financial,Financials,S&P 500,1137774
PSA,Public Storage,Real Estate,S&P 500,1393311
PSKY,Paramount Skydance Corporation,Communication Services,S&P 500,2041610
PSX,Phillips 66,Energy,S&P 500,1534701
PTC,PTC Inc.,Information Technology,S&P 500,857005
PWR,Quanta Services,Industrials,S&P 500,1050915
PYPL,PayPal,Financials,S&P 500,1633917
Q,Qnity Electronics,Information Technology,S&P 500,2058873
QCOM,Qualcomm,Information Technology,S&P 500,804328
RCL,Royal Caribbean Group,Consumer Discretionary,S&P 500,884887
REG,Regency Centers,Real Estate,S&P 500,910606
REGN,Regeneron Pharmaceuticals,Health Care,S&P 500,872589
RF,Regions Financial Corporation,Financials,S&P 500,1281761
RJF,Raymond James Financial,Financials,S&P 500,720005
RL,Ralph Lauren Corporation,Consumer Discretionary,S&P 500,1037038
RMD,ResMed,Health Care,S&P 500,943819
ROK,Rockwell Automation,Industrials,S&P 500,1024478
ROL,"Rollins, Inc.",Industrials,S&P 500,84839
ROP,Roper Technologies,Information Technology,S&P 500,882835
ROST,Ross Stores,Consumer Discretionary,S&P 500,745732
RSG,Republic Services,Industrials,S&P 500,1060391
RTX,RTX Corporation,Industrials,S&P 500,101829
RVTY,Revvity,Health Care,S&P 500,31791
SBAC,SBA Communications,Real Estate,S&P 500,1034054
SBUX,Starbucks,Consumer Discretionary,S&P 500,829224
SCHW,Charles Schwab Corporation,Financials,S&P 500,316709
SHW,Sherwin-Williams,Materials,S&P 500,89800
SJM,J.M. Smucker Company (The),Consumer Staples,S&P 500,91419
SLB,Schlumberger,Energy,S&P 500,87347
SMCI,Supermicro,Information Technology,S&P 500,1375365
SNA,Snap-on,Industrials,S&P 500,91440
SNDK,Sandisk,Information Technology,S&P 500,2023554
SNPS,Synopsys,Information Technology,S&P 500,883241
SO,Southern Company,Utilities,S&P 500,92122
SOLV,Solventum,Health Care,S&P 500,1964738
SPG,Simon Property Group,Real Estate,S&P 500,1063761
SPGI,S&P Global,Financials,S&P 500,64040
SRE,Sempra,Utilities,S&P 500,1032208
STE,Steris,Health Care,S&P 500,1757898
STLD,Steel Dynamics,Materials,S&P 500,1022671
STT,State Street Corporation,Financials,S&P 500,93751
STX,Seagate Technology,Information Technology,S&P 500,1137789
STZ,Constellation Brands,Consumer Staples,S&P 500,16918
SW,Smurfit Westrock,Materials,S&P 500,2005951
SWK,Stanley Black & Decker,Industrials,S&P 500,93556
SWKS,Skyworks Solutions,Information Technology,S&P 500,4127
SYF,Synchrony Financial,Financials,S&P 500,1601712
SYK,Stryker Corporation,Health Care,S&P 500,310764
SYY,Sysco,Consumer Staples,S&P 500,96021
T,AT&T,Communication Services,S&P 500,732717
TAP,Molson Coors Beverage Company,Consumer Staples,S&P 500,24545
TDG,TransDigm Group,Industrials,S&P 500,1260221
TDY,Teledyne Technologies,Information Technology,S&P 500,1094285
TECH,Bio-Techne,Health Care,S&P 500,842023
TEL,TE Connectivity,Information Technology,S&P 500,1385157
TER,Teradyne,Information Technology,S&P 500,97210
TFC,Truist Financial,Financials,S&P 500,92230
TGT,Target Corporation,Consumer Staples,S&P 500,27419
TJX,TJX Companies,Consumer Discretionary,S&P 500,109198
TKO,TKO Group Holdings,Communication Services,S&P 500,1973266
TMO,Thermo Fisher Scientific,Health Care,S&P 500,97745
TMUS,T-Mobile US,Communication Services,S&P 500,1283699
TPL,Texas Pacific Land Corporation,Energy,S&P 500,1811074
TPR,"Tapestry, Inc.",Consumer Discretionary,S&P 500,1116132
TRGP,Targa Resources,Energy,S&P 500,1389170
TRMB,Trimble Inc.,Information Technology,S&P 500,864749
TROW,T. Rowe Price,Financials,S&P 500,1113169
TRV,Travelers Companies (The),Financials,S&P 500,86312
TSCO,Tractor Supply,Consumer Discretionary,S&P 500,916365
TSLA,"Tesla, Inc.",Consumer Discretionary,S&P 500,1318605
TSN,Tyson Foods,Consumer Staples,S&P 500,100493
TT,Trane Technologies,Industrials,S&P 500,1466258
TTD,Trade Desk (The),Communication Services,S&P 500,1671933
TTWO,Take-Two Interactive,Communication Services,S&P 500,946581
TXN,Texas Instruments,Information Technology,S&P 500,97476
TXT,Textron,Industrials,S&P 500,217346
TYL,Tyler Technologies,Information Technology,S&P 500,860731
UAL,United Airlines Holdings,Industrials,S&P 500,100517
UBER,Uber,Industrials,S&P 500,1543151
UDR,"UDR, Inc.",Real Estate,S&P 500,74208
UHS,Universal Health Services,Health Care,S&P 500,352915
ULTA,Ulta Beauty,Consumer Discretionary,S&P 500,1403568
UNH,UnitedHealth Group,Health Care,S&P 500,731766
UNP,Union Pacific Corporation,Industrials,S&P 500,100885
UPS,United Parcel Service,Industrials,S&P 500,1090727
URI,United Rentals,Industrials,S&P 500,1067701
USB,U.S. Bancorp,Financials,S&P 500,36104
V,Visa Inc.,Financials,S&P 500,1403161
VEEV,Veeva Systems,Health Care,S&P 500,1393052
VICI,Vici Properties,Real Estate,S&P 500,1705696
VLO,Valero Energy,Energy,S&P 500,1035002
VLTO,Veralto,Industrials,S&P 500,1967680
VMC,Vulcan Materials Company,Materials,S&P 500,1396009
VRSK,Verisk Analytics,Industrials,S&P 500,1442145
VRSN,Verisign,Information Technology,S&P 500,1014473
VRT,Vertiv,Industrials,S&P 500,1674101
VRTX,Vertex Pharmaceuticals,Health Care,S&P 500,875320
VST,Vistra Corp .,Utilities,S&P 500,1692819
VTR,Ventas,Real Estate,S&P 500,740260
VTRS,Viatris,Health Care,S&P 500,1792044
VZ,Verizon,Communication Services,S&P 500,732712
WAB,Wabtec,Industrials,S&P 500,943452
WAT,Waters Corporation,Health Care,S&P 500,1000697
WBD,Warner Bros. Discovery,Communication Services,S&P 500,1437107
WDAY,"Workday, Inc.",Information Technology,S&P 500,1327811
WDC,Western Digital,Information Technology,S&P 500,106040
WEC,WEC Energy Group,Utilities,S&P 500,783325
WELL,Welltower,Real Estate,S&P 500,766704
WFC,Wells Fargo,Financials,S&P 500,72971
WM,Waste Management,Industrials,S&P 500,823768
WMB,Williams Companies,Energy,S&P 500,107263
WMT,Walmart,Consumer Staples,S&P 500,104169
WRB,W. R. Berkley Corporation,Financials,S&P 500,11544
WSM,"Williams-Sonoma, Inc.",Consumer Discretionary,S&P 500,719955
WST,West Pharmaceutical Services,Health Care,S&P 500,105770
WTW,Willis Towers Watson,Financials,S&P 500,1140536
WY,Weyerhaeuser,Real Estate,S&P 500,106535
WYNN,Wynn Resorts,Consumer Discretionary,S&P 500,1174922
XEL,Xcel Energy,Utilities,S&P 500,72903
XOM,ExxonMobil,Energy,S&P 500,2115436
XYL,Xylem Inc.,Industrials,S&P 500,1524472
XYZ,"Block, Inc.",Financials,S&P 500,1512673
YUM,Yum! Brands,Consumer Discretionary,S&P 500,1041061
ZBH,Zimmer Biomet,Health Care,S&P 500,1136869
ZBRA,Zebra Technologies,Information Technology,S&P 500,877212
ZTS,Zoetis,Health Care,S&P 500,1555280
